<?xml version="1.0" encoding="UTF-8"?>
<features>
    <!--whether the device is xiaomi-->
    <bool name="is_xiaomi">true</bool>
    <!--whether the device is no xiaomi-->
    <bool name="is_older_device">false</bool>
    <!--whether the device is pad xiaomi-->
    <bool name="is_pad">false</bool>
    <!--whether the device has dual sd card-->
    <bool name="support_dual_sd_card">false</bool>

    <!--whether support shader effect in camera-->
    <bool name="support_camera_shader_effect">true</bool>
    <!--whether support skin beauty in camera-->
    <bool name="support_camera_skin_beauty">true</bool>
    <!--whether support age detection in camera-->
    <bool name="support_camera_age_detection">true</bool>
    <!--whether support tiltshift  in camera-->
    <bool name="support_camera_tilt_shift">true</bool>
    <!--whether support magic mirror in camera-->
    <bool name="support_camera_magic_mirror">true</bool>

    <!--whether support ubifocus in camera-->
    <bool name="support_camera_ubifocus">true</bool>
    <!--whether support scene mode in camera-->
    <bool name="support_scene_mode">true</bool>
    <!--whether support square mode in camera-->
    <bool name="support_camera_square_mode">true</bool>
    <!--whether support manual focus/exposure_time in camera-->
    <bool name="support_camera_manual_function">true</bool>
    <!--whether support groupshot mode  in camera-->
    <bool name="support_camera_groupshot">true</bool>
    <!--whether use hht in camera-->
    <bool name="support_camera_hand_night">true</bool>

    <!--whether support aohdr in camera-->
    <bool name="support_camera_aohdr">true</bool>
    <!--1=flash 2=hdr 4=motion 8=night 15=full-->
    <integer name="camera_supported_asd">15</integer>
    <!--whether support object tracking in camera-->
    <bool name="support_object_track">true</bool>
    <!--whether support burst shoot in camera-->
    <bool name="support_camera_burst_shoot">true</bool>
    <!--whether support capture in torch mode in camera-->
    <bool name="support_camera_torch_capture">true</bool>


    <!--whether support snap with screen off  in camera-->
    <bool name="support_camera_quick_snap">true</bool>
    <!--whether support time watermark in camera-->
    <bool name="support_camera_water_mark">true</bool>
    <!--whether support boosting screen brightness in camera-->
    <bool name="support_camera_boost_brightness">true</bool>
    <!--whether add watermark in camera app-->
    <bool name="is_camera_app_water_mark">false</bool>
    <!--whether support face info watermark in camera-->
    <bool name="support_camera_face_info_water_mark">false</bool>
    <!--whether support new style time watermark in camera-->
    <bool name="support_camera_new_style_time_water_mark">false</bool>

    <!-- support peaking in camera-->
    <bool name="support_camera_peaking_mf">true</bool>
    <!--whether support gradienter in camera-->
    <bool name="support_camera_gradienter">true</bool>
    <!-- whether support face detection -->
    <bool name="support_edge_handgrip">true</bool>
    <!--whether the device use still effect image-->
    <bool name="support_camera_use_still_effect_image">true</bool>
    <!--whether support record location in camera-->
    <bool name="support_camera_record_location">true</bool>
    <!--whether support audio focus recording in camera-->
    <bool name="support_camera_audio_focus">true</bool>
    <!--whether replace a lower cost effect to avoid preview lag-->
    <bool name="is_camera_replace_higher_cost_effect">false</bool>
    <!--whether hold blured background for effects preview in camera-->
    <bool name="is_camera_hold_blur_background">false</bool>

    <!--whether support high frame recording in camera-->
    <bool name="support_camera_hfr">true</bool>
    <!--whether support 4k recording in camera-->
    <bool name="support_camera_4k_quality">true</bool>
    <!--whether support pause recording in camera-->
    <bool name="support_camera_video_pause">true</bool>
    <!--whether the device supports force hd hfr-->
    <bool name="support_force_hd_hfr">true</bool>
    <!--whether support solid recording in camera-->
    <bool name="support_camera_movie_solid">true</bool>
    <!--whether the device support front video 1080p-->
    <bool name="support_camera_front_video_quality_1080p">true</bool>
    <!--whether the device force video framerate in app-->
    <bool name="support_force_profile_video_framerate_app">true</bool>

    <!--whether capture when user press down the shutter in camera instead of left the shutter-->
    <bool name="support_camera_press_down_capture">true</bool>
    <!--whether the device orientation indicator-->
    <bool name="support_orientation_indicator">true</bool>
    <!--whether the device supports mute-->
    <bool name="support_supported_mute_camera_sound">true</bool>
    <!--whether support full size panorama in camera-->
    <bool name="support_full_size_panorama">true</bool>
    <!--whether taking lower size panorama in camera-->
    <bool name="is_lower_size_panorama">true</bool>
    <!--whether taking lower size effect image in camera-->
    <bool name="is_lower_size_effect">true</bool>
    <!--whether taking full size effect image in camera-->
    <bool name="is_full_size_effect">true</bool>
    <!--whether set capture stop face detection-->
    <bool name="is_capture_stop_face_detection">true</bool>
    <!--whether rotate the final image in camera isp-->
    <bool name="is_camera_isp_rotated">true</bool>
    <!--whether compass support tilt rotate calibrate  -->
    <bool name="support_rotate_calibrate">true</bool>
    <!--whether set orientation info for face detection in camera-->
    <bool name="is_camera_face_detection_need_orientation">true</bool>
    <!--whether freeze preview after hdr capture in camera-->
    <bool name="is_camera_freeze_after_hdr_capture">true</bool>
    <!--whether scan qrcode with lower frequency in camera-->
    <bool name="is_camera_lower_qrscan_frequency">true</bool>
    <!--whether listen frame with single subthread looper in camera-->
    <bool name="is_camera_preview_with_subthread_looper">true</bool>
    <!--whether support chroma flash in camera-->
    <bool name="support_chroma_flash">false</bool>
    <!--whether the device supports front flash-->
    <bool name="support_front_flash">false</bool>
	
    <!--the vendor feature, it's value may be qcom,mediatek,leadcore or nvidia-->
    <string name="vendor">qcom</string>
    <!--Flag of reduce preview size in camera(1:reduce, 0:do not reduce; 1st byte:rear camera, 2nd byte:front camera, 3rd byte:rear video, 4th byte:front video )-->
    <integer name="camera_reduce_preview_flag">14</integer>
    <!--max number of burst images one time -->
    <integer name="burst_shoot_count">100</integer>
    <!--Successful flag of camera continuous auto focus  result-->
    <integer name="camera_focus_success_flag">1</integer>
    <!--total steps number of camera compensation-->
    <float name="camera_exposure_compensation_steps_num">12.0</float>
    <!--Left margin of count down parent layout for front camera-->
    <float name="camera_front_count_down_margin">-0.3460</float>
    <!-- fingerprint navigation event name list -->
    <string-array name="fp_nav_event_name_list">
        <item>uinput-fpc</item>
        <item>gf3208</item>
    </string-array>
</features>